{"cameraMode":{"drawMode":0,"name":"Shaded","section":"Shading Mode"},"sceneLighting":true,"audioPlay":false,"sceneViewState":{"showFog":true,"showMaterialUpdate":true,"showSkybox":true,"showFlares":true,"showImageEffects":true,"showParticleSystems":true},"in2DMode":false,"pivot":{"x":1.4205189943313599,"y":3.1136608123779299,"z":6.124940395355225},"rotation":{"x":0.23265507817268372,"y":0.12524226307868958,"z":-0.030408574268221856,"w":0.9639848470687866},"size":5.462728023529053,"orthographic":false}