{"cameraMode":{"drawMode":0,"name":"Shaded","section":"Shading Mode"},"sceneLighting":true,"audioPlay":false,"sceneViewState":{"showFog":true,"showMaterialUpdate":true,"showSkybox":true,"showFlares":true,"showImageEffects":true,"showParticleSystems":true},"in2DMode":false,"pivot":{"x":0.9688634872436523,"y":5.729273796081543,"z":-3.9868240356445314},"rotation":{"x":0.31675323843955996,"y":0.2601723074913025,"z":-0.09099522233009339,"w":0.9075809717178345},"size":5.462728023529053,"orthographic":false}