{"cameraMode":{"drawMode":0,"name":"Shaded","section":"Shading Mode"},"sceneLighting":true,"audioPlay":false,"sceneViewState":{"showFog":true,"showMaterialUpdate":true,"showSkybox":true,"showFlares":true,"showImageEffects":true,"showParticleSystems":true},"in2DMode":false,"pivot":{"x":6.0546464920043949,"y":7.056893348693848,"z":-0.041348014026880267},"rotation":{"x":0.4231692850589752,"y":0.16836127638816834,"z":-0.08055534958839417,"w":0.8866267800331116},"size":6.662728786468506,"orthographic":false}